Current Assigned Rank,Preference,Start Date,Duration,Grade,Region,Sub-Region,Area(Sector),Dual Training Programme,Places Available,Description,Programme Name,Programme Number,Tags,rating,user_ratings_total,url,website,transit_time_london,,uel,website
Cheshire and Merseyside,,,,,,,,,,,,,,,,,,,,,
X,North West - Cheshire and Merseyside - Cheshire & Merseyside - DFT - Sep - 65,01/09/2021 00:00,12,DFT,Health Education England North West,Health Education England North West - Cheshire and Merseyside,Cheshire & Merseyside,,0,"Rebecca Togneri, Harbour Dental Practice, 25 Crewe Rd, Sandbach,  Cheshire, CW11 4NE",,,,4.8,186,https://maps.google.com/?cid=1141574824876774303,http://harbourdentalpractice.co.uk/,2 hours 30 mins,,https://maps.google.com/?cid=1141574824876774303,http://harbourdentalpractice.co.uk/
X,North West - Cheshire and Merseyside - Cheshire & Merseyside - DFT - Sep - 84,01/09/2021 00:00,12,DFT,Health Education England North West,Health Education England North West - Cheshire and Merseyside,Cheshire & Merseyside,,0,"Adrian Feldman, The Willows Dental Practice,  141 Wilmslow Road, Handforth, Cheshire, SK9 3HX",,,,3.6,8,https://maps.google.com/?cid=1122579306460895832,http://www.thewillowsdentalpractice.com/,2 hours 33 mins,,https://maps.google.com/?cid=1122579306460895832,http://www.thewillowsdentalpractice.com/
X,North West - Cheshire and Merseyside - Cheshire & Merseyside - DFT - Sep - 85,01/09/2021 00:00,12,DFT,Health Education England North West,Health Education England North West - Cheshire and Merseyside,Cheshire & Merseyside,,0,N/A POST,,,,,,,,,,,
X,North West - Cheshire and Merseyside - Chester - DFT - Sep - 78,01/09/2021 00:00,12,DFT,Health Education England North West,Health Education England North West - Cheshire and Merseyside,Chester,,0,"Kate Hendrick, Sandon Dental Practice, 34 Hoole Road, Chester, Cheshire, CH2 2NJ",,,,4.2,25,https://maps.google.com/?cid=4580862365543222368,http://www.sandondental.com/,3 hours 5 mins,,https://maps.google.com/?cid=4580862365543222368,http://www.sandondental.com/
X,North West - Cheshire and Merseyside - Chester - DFT - Sep - 87,01/09/2021 00:00,12,DFT,Health Education England North West,Health Education England North West - Cheshire and Merseyside,Chester,,0,"Paul Mottram, White House Dental Practice, 55 Chester Road, Huntington, Chester, Cheshire, CH3 6BS",,,,4.6,33,https://maps.google.com/?cid=13166767339385890031,http://www.dentalpracticechester.co.uk/,3 hours 13 mins,,https://maps.google.com/?cid=13166767339385890031,http://www.dentalpracticechester.co.uk/
X,North West - Cheshire and Merseyside - Crewe - DFT - Sep - 54,01/09/2021 00:00,12,DFT,Health Education England North West,Health Education England North West - Cheshire and Merseyside,Crewe,,0,"Bilal Hussain, Alchemy Dental Practice, 203 Edleston Road, Crewe, Cheshire, CW2 7HP",,,,4.5,198,https://maps.google.com/?cid=5696064739441669331,http://www.alchemydental.co.uk/,2 hours 6 mins,,https://maps.google.com/?cid=5696064739441669331,http://www.alchemydental.co.uk/
X,North West - Cheshire and Merseyside - Crewe - DFT - Sep - 55,01/09/2021 00:00,12,DFT,Health Education England North West,Health Education England North West - Cheshire and Merseyside,Crewe,,0,"Salman Malik, Alchemy Dental Practice, 203 Edleston Road, Crewe, Cheshire, CW2 7HP",,,,4.5,198,https://maps.google.com/?cid=5696064739441669331,http://www.alchemydental.co.uk/,2 hours 6 mins,,https://maps.google.com/?cid=5696064739441669331,http://www.alchemydental.co.uk/
X,North West - Cheshire and Merseyside - Crewe - DFT - Sep - 56,01/09/2021 00:00,12,DFT,Health Education England North West,Health Education England North West - Cheshire and Merseyside,Crewe,,0,"Ben Russell, Alchemy Dental Practice, 203 Edleston Road, Crewe, Cheshire, CW2 7HP",,,,4.5,198,https://maps.google.com/?cid=5696064739441669331,http://www.alchemydental.co.uk/,2 hours 6 mins,,https://maps.google.com/?cid=5696064739441669331,http://www.alchemydental.co.uk/
X,North West - Cheshire and Merseyside - Crewe - DFT - Sep - 70,01/09/2021 00:00,12,DFT,Health Education England North West,Health Education England North West - Cheshire and Merseyside,Crewe,,0,"Scott Hall, Middlewich Street Dental Practice, 50-52 Middlewich Street, Crewe, Cheshire, CW1 4DA",,,,4.3,15,https://maps.google.com/?cid=15893877519005589579,http://www.middlewichstreetdental.com/,2 hours 20 mins,,https://maps.google.com/?cid=15893877519005589579,http://www.middlewichstreetdental.com/
X,North West - Cheshire and Merseyside - DFT - Sep - 53,01/09/2021 00:00,12,DFT,Health Education England North West,Health Education England North West - Cheshire and Merseyside,-,,0,"Andrew Crosby, 44 Northway,  Maghull, Merseyside,  L31 5LJ",,,Liverpool & Sefton,4.9,47,https://maps.google.com/?cid=3790292332284943173,http://www.northway-dental.co.uk/,3 hours 29 mins,,https://maps.google.com/?cid=3790292332284943173,http://www.northway-dental.co.uk/
X,North West - Cheshire and Merseyside - DFT - Sep - 69,01/09/2021 00:00,12,DFT,Health Education England North West,Health Education England North West - Cheshire and Merseyside,-,,0,"Andy Norgrove, Kingsway Dental Practice, 41 Kingsway, Waterloo, Liverpool L22 4RG",,,Liverpool & Sefton,4.1,9,https://maps.google.com/?cid=8416856911118284378,http://www.kingswaydentalpractice.com/,3 hours 21 mins,,https://maps.google.com/?cid=8416856911118284378,http://www.kingswaydentalpractice.com/
X,North West - Cheshire and Merseyside - DFT - Sep - 71,01/09/2021 00:00,12,DFT,Health Education England North West,Health Education England North West - Cheshire and Merseyside,-,,0,"Helen Clint, Muirhead Dental Practice, 50 Muirhead Avenue East, Norris Green, Liverpool, Merseyside L11 1EL",,,Liverpool & Sefton,4.9,15,https://maps.google.com/?cid=15106485156978232176,,3 hours 11 mins,,https://maps.google.com/?cid=15106485156978232176,
X,North West - Cheshire and Merseyside - DFT - Sep - 74,01/09/2021 00:00,12,DFT,Health Education England North West,Health Education England North West - Cheshire and Merseyside,-,,0,"Thomas Ip, Oak Dental Care,  39 Liverpool Road, South Maghull, Merseyside, L31 7BN",,,Liverpool & Sefton,3.4,7,https://maps.google.com/?cid=6152874476542760449,https://www.oakdentalcare.co.uk/maghull-dentist,3 hours 31 mins,,https://maps.google.com/?cid=6152874476542760449,https://www.oakdentalcare.co.uk/maghull-dentist
X,North West - Cheshire and Merseyside - DFT - Sep - 76,01/09/2021 00:00,12,DFT,Health Education England North West,Health Education England North West - Cheshire and Merseyside,-,,0,"Jamshaid Mansoor, Primadent Limited, 20 Bridgemere Close,  Liverpool L7 0LS",,,Liverpool & Sefton,4,55,https://maps.google.com/?cid=2652842841246671295,http://www.primadentdental.co.uk/,2 hours 59 mins,,https://maps.google.com/?cid=2652842841246671295,http://www.primadentdental.co.uk/
X,North West - Cheshire and Merseyside - DFT - Sep - 82,01/09/2021 00:00,12,DFT,Health Education England North West,Health Education England North West - Cheshire and Merseyside,-,,0,"Riccardo Lo Giudice, The Dental House, 6-10 Derby Lane, Liverpool, Merseyside, L13 3DL",,,Liverpool & Sefton,4.7,274,https://maps.google.com/?cid=697117870659325531,http://www.dentalhouseliverpool.co.uk/,3 hours 4 mins,,https://maps.google.com/?cid=697117870659325531,http://www.dentalhouseliverpool.co.uk/
X,North West - Cheshire and Merseyside - Macclesfield - DFT - Sep - 59,01/09/2021 00:00,12,DFT,Health Education England North West,Health Education England North West - Cheshire and Merseyside,Macclesfield,,0,"Catherine Stockdale, Crystal Dental Clinic Ltd, 211 Park Lane, Macclesfield, Cheshire, SK11 8AA",,,,5,9,https://maps.google.com/?cid=6063032646898305857,http://www.nhs.uk/Services/dentists/Overview/DefaultView.aspx?id=23952,2 hours 33 mins,,https://maps.google.com/?cid=6063032646898305857,http://www.nhs.uk/Services/dentists/Overview/DefaultView.aspx?id=23952
X,North West - Cheshire and Merseyside - Macclesfield - DFT - Sep - 60,01/09/2021 00:00,12,DFT,Health Education England North West,Health Education England North West - Cheshire and Merseyside,Macclesfield,,0,N/A - POST,,,,,,,,,,,
X,North West - Cheshire and Merseyside - Southport & Ormskirk - DFT - Sep - 67,01/09/2021 00:00,12,DFT,Health Education England North West,Health Education England North West - Cheshire and Merseyside,Southport & Ormskirk,,0,"Colin Farrington, Hoghton Street Dental Practice, 22 Hoghton Street, Southport, Merseyside, PR9 0PA",,,,4.4,14,https://maps.google.com/?cid=4540966294351133407,http://hsdp.co.uk/,3 hours 46 mins,,https://maps.google.com/?cid=4540966294351133407,http://hsdp.co.uk/
X,North West - Cheshire and Merseyside - Southport & Ormskirk - DFT - Sep - 80,01/09/2021 00:00,12,DFT,Health Education England North West,Health Education England North West - Cheshire and Merseyside,Southport & Ormskirk,,0,"Jonathan Lea, Southport House Dental Practice, 69 Scarisbrick New Road, Southport, Merseyside, PR8 6LF",,,,4,17,https://maps.google.com/?cid=13638484329256456804,,3 hours 54 mins,,https://maps.google.com/?cid=13638484329256456804,
X,North West - Cheshire and Merseyside - Southport & Ormskirk - DFT - Sep - 83,01/09/2021 00:00,12,DFT,Health Education England North West,Health Education England North West - Cheshire and Merseyside,Southport & Ormskirk,,0,"Paul Smith, The Village Dental Practice,  26 Station Road, Ainsdale, Southport , Merseyside, PR8 3HS",,,,4.6,9,https://maps.google.com/?cid=11291638245464563811,http://www.thevillagedentalpractice.co.uk/,3 hours 30 mins,,https://maps.google.com/?cid=11291638245464563811,http://www.thevillagedentalpractice.co.uk/
X,North West - Cheshire and Merseyside - St Helens and Knowsley - DFT - Sep - 68,01/09/2021 00:00,12,DFT,Health Education England North West,Health Education England North West - Cheshire and Merseyside,St Helens and Knowsley,,0,"JE Thorpe & Associates, 303-305 Mill Lane, St Helens, Merseyside, WA9 4EU",,,,3.6,19,https://maps.google.com/?cid=15055136900804446151,http://www.nhs.uk/Services/dentists/Overview/DefaultView.aspx?id...,3 hours 16 mins,,https://maps.google.com/?cid=15055136900804446151,http://www.nhs.uk/Services/dentists/Overview/DefaultView.aspx?id...
X,North West - Cheshire and Merseyside - St Helens and Knowsley - DFT - Sep - 77,01/09/2021 00:00,12,DFT,Health Education England North West,Health Education England North West - Cheshire and Merseyside,St Helens and Knowsley,,0,"Heidi Wynne-Roberts, River Alt Centre for Dental Excellence, Woolfall Heath Avenue, Huyton, Liverpool, Merseyside, L36 3YE",,,,4.2,79,https://maps.google.com/?cid=3231106223032653941,,3 hours 18 mins,,https://maps.google.com/?cid=3231106223032653941,
X,North West - Cheshire and Merseyside - Warrington and Halton - DFT - Sep - 58,01/09/2021 00:00,12,DFT,Health Education England North West,Health Education England North West - Cheshire and Merseyside,Warrington and Halton,,0,"Anne Boden, Clayton & Scott Dental Practice Ltd, 123 Lovely Lane,  Warrington, WA5 1UB",,,,4.5,54,https://maps.google.com/?cid=698857959170205041,http://www.claytonscottdental.co.uk/,2 hours 37 mins,,https://maps.google.com/?cid=698857959170205041,http://www.claytonscottdental.co.uk/
X,North West - Cheshire and Merseyside - Warrington and Halton - DFT - Sep - 64,01/09/2021 00:00,12,DFT,Health Education England North West,Health Education England North West - Cheshire and Merseyside,Warrington and Halton,,0,"Jonathan Westall, Halton Road Dental Practice, 254 Halton Road, Runcorn, Cheshire, WA7 5RL",,,,4.9,34,https://maps.google.com/?cid=4490490186008696167,http://www.haltondentist.co.uk/,2 hours 53 mins,,https://maps.google.com/?cid=4490490186008696167,http://www.haltondentist.co.uk/
X,North West - Cheshire and Merseyside - Warrington and Halton - DFT - Sep - 72,01/09/2021 00:00,12,DFT,Health Education England North West,Health Education England North West - Cheshire and Merseyside,Warrington and Halton,,0,"Ian Sproat, Museum Street Dental Practice, 11-13 Museum Street, Warrington,  WA1 1JA",,,,4.7,18,https://maps.google.com/?cid=162533186714415675,http://www.warringtondentist.co.uk/,2 hours 22 mins,,https://maps.google.com/?cid=162533186714415675,http://www.warringtondentist.co.uk/
X,North West - Cheshire and Merseyside - Warrington and Halton - DFT - Sep - 79,01/09/2021 00:00,12,DFT,Health Education England North West,Health Education England North West - Cheshire and Merseyside,Warrington and Halton,,0,"Mary Samuel, Sankey Street Dental Practice, 61a Sankey Street, Warrington, Cheshire, WA1 1SL",,,,3.5,16,https://maps.google.com/?cid=17204364865836607319,http://www.sankeystreetdentalpractice.co.uk/,2 hours 24 mins,,https://maps.google.com/?cid=17204364865836607319,http://www.sankeystreetdentalpractice.co.uk/
X,North West - Cheshire and Merseyside - Wirral - DFT - Sep - 52,01/09/2021 00:00,12,DFT,Health Education England North West,Health Education England North West - Cheshire and Merseyside,Wirral,,0,"Rachel Gibson, 406 Park Road North,  Birkenhead, Wirral, CH41 0DA",,,,3.5,18,https://maps.google.com/?cid=5909223280220627612,http://www.nhs.uk/Services/dentists/MapsAndDirections/DefaultView.aspx?id=24485,3 hours 8 mins,,https://maps.google.com/?cid=5909223280220627612,http://www.nhs.uk/Services/dentists/MapsAndDirections/DefaultView.aspx?id=24485
X,North West - Cheshire and Merseyside - Wirral - DFT - Sep - 57,01/09/2021 00:00,12,DFT,Health Education England North West,Health Education England North West - Cheshire and Merseyside,Wirral,,0,"Nicola Keogh, Church Road Dental Practice, 66 Church Road, Bebington, Wirral, CH63 3EB",,,,4.9,56,https://maps.google.com/?cid=6119216688765759420,http://www.churchrddentalpractice.co.uk/,3 hours 16 mins,,https://maps.google.com/?cid=6119216688765759420,http://www.churchrddentalpractice.co.uk/
X,North West - Cheshire and Merseyside - Wirral - DFT - Sep - 61,01/09/2021 00:00,12,DFT,Health Education England North West,Health Education England North West - Cheshire and Merseyside,Wirral,,0,"Helen Wilkie-Riley, Devonshire Park Dental Centre, 62 Greenway Road, Birkenhead, Wirral, CH42 7LX",,,,3,4,https://maps.google.com/?cid=3513459152522853727,http://www.parksdentalpractice.co.uk/,3 hours 7 mins,,https://maps.google.com/?cid=3513459152522853727,http://www.parksdentalpractice.co.uk/
X,North West - Cheshire and Merseyside - Wirral - DFT - Sep - 63,01/09/2021 00:00,12,DFT,Health Education England North West,Health Education England North West - Cheshire and Merseyside,Wirral,,0,"Jane Willett, Glenside Dental Practice, 338 Pensby Road, Pensby, Wirral, CH61 9NG",,,,4.2,9,https://maps.google.com/?cid=416964717470232500,http://www.glencairndental.com/,3 hours 44 mins,,https://maps.google.com/?cid=416964717470232500,http://www.glencairndental.com/
X,North West - Cheshire and Merseyside - Wirral - DFT - Sep - 66,01/09/2021 00:00,12,DFT,Health Education England North West,Health Education England North West - Cheshire and Merseyside,Wirral,,0,"Kate Preston, Heswall Dental Practice Service, 7 The Mount, Heswall, Wirral, CH60 4RE",,,,4.3,29,https://maps.google.com/?cid=18344924157065295144,https://www.nhs.uk/Services/dentists/Overview/DefaultView.aspx?id=24488,3 hours 48 mins,,https://maps.google.com/?cid=18344924157065295144,https://www.nhs.uk/Services/dentists/Overview/DefaultView.aspx?id=24488
X,North West - Cheshire and Merseyside - Wirral - DFT - Sep - 73,01/09/2021 00:00,12,DFT,Health Education England North West,Health Education England North West - Cheshire and Merseyside,Wirral,,0,"Paul O'Brien, Neston Dental Care, 5 Park Street, Neston, Wirral, CH64 3RP",,,,5,6,https://maps.google.com/?cid=7283219881717342058,http://nestondentalcare.co.uk/,3 hours 36 mins,,https://maps.google.com/?cid=7283219881717342058,http://nestondentalcare.co.uk/
X,North West - Cheshire and Merseyside - Wirral - DFT - Sep - 75,01/09/2021 00:00,12,DFT,Health Education England North West,Health Education England North West - Cheshire and Merseyside,Wirral,,0,"James Kerwick, Orchard Dental Practice, 15 Orchard Road, Moreton, Wirral, CH46 8TR",,,,4.8,143,https://maps.google.com/?cid=4380164545867856706,http://www.orcharddentalpractice.co.uk/,3 hours 23 mins,,https://maps.google.com/?cid=4380164545867856706,http://www.orcharddentalpractice.co.uk/
X,North West - Cheshire and Merseyside - Wirral - DFT - Sep - 81,01/09/2021 00:00,12,DFT,Health Education England North West,Health Education England North West - Cheshire and Merseyside,Wirral,,0,"Helen Murphy, The Arno Dental Practice, 350 Woodchurch Road, Prenton, Wirral, CH42 8PG",,,,4,17,https://maps.google.com/?cid=1568520329319106292,,3 hours 14 mins,,https://maps.google.com/?cid=1568520329319106292,
X,North West - Cheshire and Merseyside - Wirral - DFT - Sep - 86,01/09/2021 00:00,12,DFT,Health Education England North West,Health Education England North West - Cheshire and Merseyside,Wirral,,0,"Mark O'Connor, Westbourne Dental Practice, 118 Storeton Road, Birkenhead,Wirral, CH42 8NA",,,,3.8,18,https://maps.google.com/?cid=15586294234040779342,http://www.westdent.co.uk/,3 hours 9 mins,,https://maps.google.com/?cid=15586294234040779342,http://www.westdent.co.uk/
X,North West - Cheshire and Merseyside - Wirral - DFT - Sep - 88,01/09/2021 00:00,12,DFT,Health Education England North West,Health Education England North West - Cheshire and Merseyside,Wirral,,0,"Taylor Pope, Woodchurch Dental Practice, 65 Hoole Road, Woodchurch, Wirral, CH49 8EQ",,,,4,9,https://maps.google.com/?cid=3107821455074741210,http://www.nhs.uk/Services/dentists/Overview/DefaultView.aspx?id=24477,3 hours 32 mins,,https://maps.google.com/?cid=3107821455074741210,http://www.nhs.uk/Services/dentists/Overview/DefaultView.aspx?id=24477
X,North West - Cheshire and Merseyside - Wirral - DFT - Sep - 89,01/09/2021 00:00,12,DFT,Health Education England North West,Health Education England North West - Cheshire and Merseyside,Wirral,,0,"James Kuspisz, Woodchurch Dental Practice, 65 Hoole Road, Woodchurch, Wirral, CH49 8EQ",,,,4,9,https://maps.google.com/?cid=3107821455074741210,http://www.nhs.uk/Services/dentists/Overview/DefaultView.aspx?id=24477,3 hours 32 mins,,https://maps.google.com/?cid=3107821455074741210,http://www.nhs.uk/Services/dentists/Overview/DefaultView.aspx?id=24477
"Greater Manchester, Lancashire and South Cumbria",,,,,,,,,,,,,,,,,,,,,
X,North West - Blackpool - DFT - Sep - 111,01/09/2021 00:00,12,DFT,Health Education England North West,"Health Education England North West - Greater Manchester, Lancashire and South Cumbria",Blackpool,,0,"Sonu Thomas, Thomas & Thomas Dental Associates, 129 Whitegate Drive, Blackpool, FY3 9BU",,,Health Education England - South Cumbria & Lancashire,4.8,5,https://maps.google.com/?cid=6829809533764753378,https://thomasdentalblackpool.co.uk/,3 hours 48 mins,,https://maps.google.com/?cid=6829809533764753378,https://thomasdentalblackpool.co.uk/
X,North West - Bolton - DFT - Sep - 38,01/09/2021 00:00,12,DFT,Health Education England North West,"Health Education England North West - Greater Manchester, Lancashire and South Cumbria",Bolton,,0,"Sharon Hurwitz, Ravat & Ray Dental Care, Brackley House, Brackley Street, Farnworth, Bolton, BL4 9ES",,,Health Education England North West - Greater Manchester West,4.6,147,https://maps.google.com/?cid=3386253256876645478,http://www.ravatandray.com/,3 hours 51 mins,,https://maps.google.com/?cid=3386253256876645478,http://www.ravatandray.com/
X,North West - Bolton - DFT - Sep - 39,01/09/2021 00:00,12,DFT,Health Education England North West,"Health Education England North West - Greater Manchester, Lancashire and South Cumbria",Bolton,,0,"Shireen Sabir, Ravat & Ray Dental Care, Brackley House, Brackley Street, Farnworth, Bolton, BL4 9ES",,,Health Education England North West - Greater Manchester West,4.6,147,https://maps.google.com/?cid=3386253256876645478,http://www.ravatandray.com/,3 hours 51 mins,,https://maps.google.com/?cid=3386253256876645478,http://www.ravatandray.com/
X,North West - Bolton - DFT - Sep - 5,01/09/2021 00:00,12,DFT,Health Education England North West,"Health Education England North West - Greater Manchester, Lancashire and South Cumbria",Bolton,,0,"Andrew Bennison, Bolton Brite Ltd, Bennison Dental Practice, 401 - 405 Halliwell Road , Halliwell, Bolton, Lancashire BL1 8DE",,,Health Education England North West - Greater Manchester West,3.7,9,https://maps.google.com/?cid=1010929766033206714,http://www.andrewbennison.co.uk/,3 hours 25 mins,,https://maps.google.com/?cid=1010929766033206714,http://www.andrewbennison.co.uk/
X,North West - Central Manchester - DFT - Sep - 13,01/09/2021 00:00,12,DFT,Health Education England North West,"Health Education England North West - Greater Manchester, Lancashire and South Cumbria",Central Manchester,,0,"Ibrar Saleem, Dr I Saleem & Colleagues Dental Practice, 566 Stockport Road, Longsight, Manchester, M12 4JJ",,,Health Education England North West - Greater Manchester East,3.6,56,https://maps.google.com/?cid=12292130994525152824,https://www.nhs.uk/Services/dentists/Overview/DefaultView.aspx?id=22803,2 hours 53 mins,,https://maps.google.com/?cid=12292130994525152824,https://www.nhs.uk/Services/dentists/Overview/DefaultView.aspx?id=22803
X,North West - Central Manchester - DFT - Sep - 27,01/09/2021 00:00,12,DFT,Health Education England North West,"Health Education England North West - Greater Manchester, Lancashire and South Cumbria",Central Manchester,,0,"Amnah, Sarwar, Levenshulme Dental & Cosmetics  773 Stockport Road Levenshulme Manchester M19 3DL",,,Health Education England North West - Greater Manchester East,3.4,23,https://maps.google.com/?cid=10338230124449728719,http://levenshulmedentalcosmetics.com/,2 hours 51 mins,,https://maps.google.com/?cid=10338230124449728719,http://levenshulmedentalcosmetics.com/
X,North West - Central Manchester - DFT - Sep - 3,01/09/2021 00:00,12,DFT,Health Education England North West,"Health Education England North West - Greater Manchester, Lancashire and South Cumbria",Central Manchester,,0,"Mohammed Umar, Birch Dental Practice, 2 Hythe Close,  Manchester, M14 5AT",,,Health Education England North West - Greater Manchester East,4,101,https://maps.google.com/?cid=17043649208275582910,http://birchdentalpractice.com/,3 hours 0 mins,,https://maps.google.com/?cid=17043649208275582910,http://birchdentalpractice.com/
X,North West - Central Manchester - DFT - Sep - 30,01/09/2021 00:00,12,DFT,Health Education England North West,"Health Education England North West - Greater Manchester, Lancashire and South Cumbria",Central Manchester,,0,"Asif Saleem, Manchester Dental Practice, 2-4 Exchange Street, Manchester,  M2 7HA",,,Health Education England North West - Greater Manchester East,3.4,71,https://maps.google.com/?cid=17441716784060744544,https://www.manchesterdentalpractice.co.uk/,2 hours 48 mins,,https://maps.google.com/?cid=17441716784060744544,https://www.manchesterdentalpractice.co.uk/
X,North West - Central Manchester - DFT - Sep - 31,01/09/2021 00:00,12,DFT,Health Education England North West,"Health Education England North West - Greater Manchester, Lancashire and South Cumbria",Central Manchester,,0,"Ussama Butt, Manchester Dental Practice, 2-4 Exchange Street, Manchester,  M2 7HA",,,Health Education England North West - Greater Manchester East,3.4,71,https://maps.google.com/?cid=17441716784060744544,https://www.manchesterdentalpractice.co.uk/,2 hours 48 mins,,https://maps.google.com/?cid=17441716784060744544,https://www.manchesterdentalpractice.co.uk/
X,North West - Central Manchester - DFT - Sep - 44,01/09/2021 00:00,12,DFT,Health Education England North West,"Health Education England North West - Greater Manchester, Lancashire and South Cumbria",Central Manchester,,0,"Sean Hasnain, Rusholme Dental Practice, 300 Great Western Street, Rusholme, Manchester, M14 4LP",,,Health Education England North West - Greater Manchester East,2.7,18,https://maps.google.com/?cid=14920990022371504113,http://www.rusholmedental.co.uk/,3 hours 2 mins,,https://maps.google.com/?cid=14920990022371504113,http://www.rusholmedental.co.uk/
X,North West - Lancashire - DFT - Sep - 100,01/09/2021 00:00,12,DFT,Health Education England North West,"Health Education England North West - Greater Manchester, Lancashire and South Cumbria",Lancashire,,0,"Shahzad Tahir, Park House Dental, Argyle Street, Accrington,  BB5 1DQ",,,Health Education England - South Cumbria & Lancashire,4.1,88,https://maps.google.com/?cid=12945548956986946209,https://www.accringtondentist.com/,3 hours 52 mins,,https://maps.google.com/?cid=12945548956986946209,https://www.accringtondentist.com/
X,North West - Lancashire - DFT - Sep - 101,01/09/2021 00:00,12,DFT,Health Education England North West,"Health Education England North West - Greater Manchester, Lancashire and South Cumbria",Lancashire,,0,"Ausman Malik, Reedyford Dental Centre, 231-233 Leeds Road, Nelson, Lancashire, BB9 8EH",,,Health Education England - South Cumbria & Lancashire,3.9,12,https://maps.google.com/?cid=7835110709721306833,https://www.reedyforddental.com/,4 hours 35 mins,,https://maps.google.com/?cid=7835110709721306833,https://www.reedyforddental.com/
X,North West - Lancashire - DFT - Sep - 102,01/09/2021 00:00,12,DFT,Health Education England North West,"Health Education England North West - Greater Manchester, Lancashire and South Cumbria",Lancashire,,0,"Mazhar Iqbal, Reedyford Dental Centre, 231-233 Leeds Road, Nelson, Lancashire, BB9 8EH",,,Health Education England - South Cumbria & Lancashire,3.9,12,https://maps.google.com/?cid=7835110709721306833,https://www.reedyforddental.com/,4 hours 35 mins,,https://maps.google.com/?cid=7835110709721306833,https://www.reedyforddental.com/
X,North West - Lancashire - DFT - Sep - 104,01/09/2021 00:00,12,DFT,Health Education England North West,"Health Education England North West - Greater Manchester, Lancashire and South Cumbria",Lancashire,,0,"Natalie Connolly, Rossendale Dental Health Centre, 124 Burnley Road, Rawtenstall, Rossendale, Lancashire, BB4 8HH",,,Health Education England - South Cumbria & Lancashire,3.5,39,https://maps.google.com/?cid=4167345372663864483,https://rossendaledental.co.uk/,3 hours 53 mins,,https://maps.google.com/?cid=4167345372663864483,https://rossendaledental.co.uk/
X,North West - Lancashire - DFT - Sep - 105,01/09/2021 00:00,12,DFT,Health Education England North West,"Health Education England North West - Greater Manchester, Lancashire and South Cumbria",Lancashire,,0,"Rosin Dickinson, Sandy Lane Dental Practice The Health Centre Sandy Lane Skelmersdale WN8 8LA",,,Health Education England - South Cumbria & Lancashire,4.9,13,https://maps.google.com/?cid=15813317804386365942,http://www.sandylanedental.com/,3 hours 47 mins,,https://maps.google.com/?cid=15813317804386365942,http://www.sandylanedental.com/
X,North West - Lancashire - DFT - Sep - 106,01/09/2021 00:00,12,DFT,Health Education England North West,"Health Education England North West - Greater Manchester, Lancashire and South Cumbria",Lancashire,,0,"Amy Parr-Young, Sandy Lane Dental Practice The Health Centre Sandy Lane Skelmersdale WN8 8LA",,,Health Education England - South Cumbria & Lancashire,4.9,13,https://maps.google.com/?cid=15813317804386365942,http://www.sandylanedental.com/,3 hours 47 mins,,https://maps.google.com/?cid=15813317804386365942,http://www.sandylanedental.com/
X,North West - Lancashire - DFT - Sep - 107,01/09/2021 00:00,12,DFT,Health Education England North West,"Health Education England North West - Greater Manchester, Lancashire and South Cumbria",Lancashire,,0,"Tom Friar, Skipton Road Dental Practice, 13 Skipton Road, Colne, Lancashire, BB8 0NQ",,,Health Education England - South Cumbria & Lancashire,4.9,9,https://maps.google.com/?cid=431745526125119835,https://www.dentist-colne.co.uk/,4 hours 29 mins,,https://maps.google.com/?cid=431745526125119835,https://www.dentist-colne.co.uk/
X,North West - Lancashire - DFT - Sep - 108,01/09/2021 00:00,12,DFT,Health Education England North West,"Health Education England North West - Greater Manchester, Lancashire and South Cumbria",Lancashire,,0,"Neil McCullough, Skipton Road Dental Practice, 13 Skipton Road, Colne, Lancashire, BB8 0NQ",,,Health Education England - South Cumbria & Lancashire,4.9,9,https://maps.google.com/?cid=431745526125119835,https://www.dentist-colne.co.uk/,4 hours 29 mins,,https://maps.google.com/?cid=431745526125119835,https://www.dentist-colne.co.uk/
X,North West - Lancashire - DFT - Sep - 91,01/09/2021 00:00,12,DFT,Health Education England North West,"Health Education England North West - Greater Manchester, Lancashire and South Cumbria",Lancashire,,0,"Matthew Goodall, Bateman & Best Dental Practice 330-334 Blackburn Road Darwen Lancashire BB3 0AA",,,Health Education England - South Cumbria & Lancashire,4.9,89,https://maps.google.com/?cid=4121738925631705691,http://www.batemanandbest.com/,3 hours 54 mins,,https://maps.google.com/?cid=4121738925631705691,http://www.batemanandbest.com/
X,North West - Lancashire - DFT - Sep - 92,01/09/2021 00:00,12,DFT,Health Education England North West,"Health Education England North West - Greater Manchester, Lancashire and South Cumbria",Lancashire,,0,"Michael Best, Bateman & Best Dental Practice 330-334 Blackburn Road Darwen Lancashire BB3 0AA",,,Health Education England - South Cumbria & Lancashire,4.9,89,https://maps.google.com/?cid=4121738925631705691,http://www.batemanandbest.com/,3 hours 54 mins,,https://maps.google.com/?cid=4121738925631705691,http://www.batemanandbest.com/
X,North West - Lancashire - DFT - Sep - 93,01/09/2021 00:00,12,DFT,Health Education England North West,"Health Education England North West - Greater Manchester, Lancashire and South Cumbria",Lancashire,,0,"Catherine Armstrong, Bateman & Best Dental Practice 330-334 Blackburn Road Darwen Lancashire BB3 0AA",,,Health Education England - South Cumbria & Lancashire,4.9,89,https://maps.google.com/?cid=4121738925631705691,http://www.batemanandbest.com/,3 hours 54 mins,,https://maps.google.com/?cid=4121738925631705691,http://www.batemanandbest.com/
X,North West - Lancashire - DFT - Sep - 94,01/09/2021 00:00,12,DFT,Health Education England North West,"Health Education England North West - Greater Manchester, Lancashire and South Cumbria",Lancashire,,0,N/A - POST,,,Health Education England - South Cumbria & Lancashire,,,,,,,,
X,North West - Lancashire - DFT - Sep - 95,01/09/2021 00:00,12,DFT,Health Education England North West,"Health Education England North West - Greater Manchester, Lancashire and South Cumbria",Lancashire,,0,"Jemma Thackray, BUPA Dental Care, 40-42 Victoria Road East, Thornton, Lancs, FY5 5BT",,,Health Education England - South Cumbria & Lancashire,3.9,20,https://maps.google.com/?cid=384613791423275498,https://www.bupa.co.uk/dental/dental-care/practices/thornton-cleveleys?y_source=1_MTQzODQ1NDEtNzE1LWxvY2F0aW9uLndlYnNpdGU%3D,3 hours 43 mins,,https://maps.google.com/?cid=384613791423275498,https://www.bupa.co.uk/dental/dental-care/practices/thornton-cleveleys?y_source=1_MTQzODQ1NDEtNzE1LWxvY2F0aW9uLndlYnNpdGU%3D
X,North West - Lancashire - DFT - Sep - 96,01/09/2021 00:00,12,DFT,Health Education England North West,"Health Education England North West - Greater Manchester, Lancashire and South Cumbria",Lancashire,,0,"Elizabeth Macneil, Dentistry for All, 109 Scotland Road, Nelson, Lancashire, BB9 7XH",,,Health Education England - South Cumbria & Lancashire,5,14,https://maps.google.com/?cid=13621781994193275642,http://www.dentistry4all.com/,4 hours 29 mins,,https://maps.google.com/?cid=13621781994193275642,http://www.dentistry4all.com/
X,North West - Lancashire - DFT - Sep - 97,01/09/2021 00:00,12,DFT,Health Education England North West,"Health Education England North West - Greater Manchester, Lancashire and South Cumbria",Lancashire,,0,"Francesca Thomson, Dentistry for All, 109 Scotland Road, Nelson, Lancashire, BB9 7XH",,,Health Education England - South Cumbria & Lancashire,5,14,https://maps.google.com/?cid=13621781994193275642,http://www.dentistry4all.com/,4 hours 29 mins,,https://maps.google.com/?cid=13621781994193275642,http://www.dentistry4all.com/
X,North West - North Manchester - DFT - Sep - 14,01/09/2021 00:00,12,DFT,Health Education England North West,"Health Education England North West - Greater Manchester, Lancashire and South Cumbria",North Manchester,,0,"Ravinder Saroya, Droylsden Road Dental Practice, 117 Droylsden Road, Newton Heath, Manchester, M40 1NT",,,Health Education England North West - Greater Manchester East,3.4,16,https://maps.google.com/?cid=8378903875734033331,http://www.nhs.uk/Services/dentists/Overview/DefaultView.aspx?id=22821,3 hours 10 mins,,https://maps.google.com/?cid=8378903875734033331,http://www.nhs.uk/Services/dentists/Overview/DefaultView.aspx?id=22821
X,North West - North Manchester - DFT - Sep - 15,01/09/2021 00:00,12,DFT,Health Education England North West,"Health Education England North West - Greater Manchester, Lancashire and South Cumbria",North Manchester,,0,"Malaz Alimam, Droylsden Road Dental Practice, 117 Droylsden Road, Newton Heath, Manchester, M40 1NT",,,Health Education England North West - Greater Manchester East,3.4,16,https://maps.google.com/?cid=8378903875734033331,http://www.nhs.uk/Services/dentists/Overview/DefaultView.aspx?id=22821,3 hours 10 mins,,https://maps.google.com/?cid=8378903875734033331,http://www.nhs.uk/Services/dentists/Overview/DefaultView.aspx?id=22821
X,North West - North Manchester - DFT - Sep - 16,01/09/2021 00:00,12,DFT,Health Education England North West,"Health Education England North West - Greater Manchester, Lancashire and South Cumbria",North Manchester,,0,"Edwin Lee, Fogg, Whittingham & Casserley, 117 Long Street, Middleton, M24 6DL",,,Health Education England North West - Greater Manchester East,4.1,30,https://maps.google.com/?cid=7780544941420077243,http://www.foggwhittinghamandcasserley.com/,3 hours 44 mins,,https://maps.google.com/?cid=7780544941420077243,http://www.foggwhittinghamandcasserley.com/
X,North West - North Manchester - DFT - Sep - 17,01/09/2021 00:00,12,DFT,Health Education England North West,"Health Education England North West - Greater Manchester, Lancashire and South Cumbria",North Manchester,,0,"Matthew Whittingham, Fogg, Whittingham & Casserley, 117 Long Street, Middleton, M24 6DL",,,Health Education England North West - Greater Manchester East,4.1,30,https://maps.google.com/?cid=7780544941420077243,http://www.foggwhittinghamandcasserley.com/,3 hours 44 mins,,https://maps.google.com/?cid=7780544941420077243,http://www.foggwhittinghamandcasserley.com/
X,North West - North Manchester - DFT - Sep - 26,01/09/2021 00:00,12,DFT,Health Education England North West,"Health Education England North West - Greater Manchester, Lancashire and South Cumbria",North Manchester,,0,"Matthew Hodkinson, Langley Dental Practice, 215a Wood Street, Middleton, Manchester, M24 5RU",,,Health Education England North West - Greater Manchester East,4.8,92,https://maps.google.com/?cid=5331298842437676700,http://www.langleydentalpractice.co.uk/,3 hours 45 mins,,https://maps.google.com/?cid=5331298842437676700,http://www.langleydentalpractice.co.uk/
X,North West - North Manchester - DFT - Sep - 37,01/09/2021 00:00,12,DFT,Health Education England North West,"Health Education England North West - Greater Manchester, Lancashire and South Cumbria",North Manchester,,0,"Umar Sharif, Portway Dental Practice, 40 Portway, Wythenshawe, Manchester, M22 1UB",,,Health Education England North West - Greater Manchester East,4.9,46,https://maps.google.com/?cid=720020107618147930,https://www.portwaydentalpractice.co.uk/,3 hours 15 mins,,https://maps.google.com/?cid=720020107618147930,https://www.portwaydentalpractice.co.uk/
X,North West - North Manchester - DFT - Sep - 4,01/09/2021 00:00,12,DFT,Health Education England North West,"Health Education England North West - Greater Manchester, Lancashire and South Cumbria",North Manchester,,0,"Sun Ku, Blackley Dental Surgery, 214 Victoria Avenue, Higher Blackley, Manchester, M9 0RR",,,Health Education England North West - Greater Manchester East,5,10,https://maps.google.com/?cid=15308538932796049765,http://www.blackleydentist.co.uk/,3 hours 23 mins,,https://maps.google.com/?cid=15308538932796049765,http://www.blackleydentist.co.uk/
X,North West - North Manchester - DFT - Sep - 47,01/09/2021 00:00,12,DFT,Health Education England North West,"Health Education England North West - Greater Manchester, Lancashire and South Cumbria",North Manchester,,0,"Mohsin Mahmood, Stonemount Dental Practice, 35 Victoria Avenue, Blackley, Manchester, M9 6RA",,,Health Education England North West - Greater Manchester East,4.9,16,https://maps.google.com/?cid=3968341568860499942,http://www.stonemountdental.co.uk/,3 hours 13 mins,,https://maps.google.com/?cid=3968341568860499942,http://www.stonemountdental.co.uk/
X,North West - North Manchester - DFT - Sep - 49,01/09/2021 00:00,12,DFT,Health Education England North West,"Health Education England North West - Greater Manchester, Lancashire and South Cumbria",North Manchester,,0,"Darren Wilkinson, The Vallance Dental Centre 1st Floor, The Vallance Centre, Wadeson Road, Manchester, M13 9UJ",,,Health Education England North West - Greater Manchester East,4.7,262,https://maps.google.com/?cid=10039283566678441602,http://www.vallancedentalcentre.com/,2 hours 47 mins,,https://maps.google.com/?cid=10039283566678441602,http://www.vallancedentalcentre.com/
X,North West - North Manchester - DFT - Sep - 50,01/09/2021 00:00,12,DFT,Health Education England North West,"Health Education England North West - Greater Manchester, Lancashire and South Cumbria",North Manchester,,0,"Nasreen Najefi, The Vallance Dental Centre 1st Floor, The Vallance Centre, Wadeson Road, Manchester, M13 9UJ",,,Health Education England North West - Greater Manchester East,4.7,262,https://maps.google.com/?cid=10039283566678441602,http://www.vallancedentalcentre.com/,2 hours 47 mins,,https://maps.google.com/?cid=10039283566678441602,http://www.vallancedentalcentre.com/
X,"North West - Pennine Northwest (N. Manchester, Bury, Oldham & Rochdale) - DFT - Sep - 1",01/09/2021 00:00,12,DFT,Health Education England North West,"Health Education England North West - Greater Manchester, Lancashire and South Cumbria","Pennine Northwest (N. Manchester, Bury, Oldham & Rochdale)",,0,"Sanjiv Patel, 112 Walmersley Road,  Bury, Lancashire, BL9 6DX",,,Health Education England North West - Greater Manchester East,5,3,https://maps.google.com/?cid=1831031041107691032,http://spatelassociates.co.uk/,3 hours 49 mins,,https://maps.google.com/?cid=1831031041107691032,http://spatelassociates.co.uk/
X,"North West - Pennine Northwest (N. Manchester, Bury, Oldham & Rochdale) - DFT - Sep - 110",01/09/2021 00:00,12,DFT,Health Education England North West,"Health Education England North West - Greater Manchester, Lancashire and South Cumbria","Pennine Northwest (N. Manchester, Bury, Oldham & Rochdale)",,0,"Navid Tahir, Whitworth Dental Care, 311-315 Market Street, Whitworth, Rochdale, OL12 8PW",,,Health Education England - South Cumbria & Lancashire,4.4,39,https://maps.google.com/?cid=3376599033949648176,https://www.whitworthdentalcare.co.uk/,3 hours 56 mins,,https://maps.google.com/?cid=3376599033949648176,https://www.whitworthdentalcare.co.uk/
X,"North West - Pennine Northwest (N. Manchester, Bury, Oldham & Rochdale) - DFT - Sep - 20",01/09/2021 00:00,12,DFT,Health Education England North West,"Health Education England North West - Greater Manchester, Lancashire and South Cumbria","Pennine Northwest (N. Manchester, Bury, Oldham & Rochdale)",,0,"Mukhtar Ahmad, Glodwick Dental Practice, Glodwick Health Centre, 12 Abbey Hills, Glodwick, Oldham, OL8 2BS",,,Health Education England North West - Greater Manchester East,4.7,15,https://maps.google.com/?cid=10058146209508720234,,4 hours 0 mins,,https://maps.google.com/?cid=10058146209508720234,
X,"North West - Pennine Northwest (N. Manchester, Bury, Oldham & Rochdale) - DFT - Sep - 21",01/09/2021 00:00,12,DFT,Health Education England North West,"Health Education England North West - Greater Manchester, Lancashire and South Cumbria","Pennine Northwest (N. Manchester, Bury, Oldham & Rochdale)",,0,"Waqas Ahmad, Glodwick Dental Practice, Glodwick Health Centre, 12 Abbey Hills, Glodwick, Oldham, OL8 2BS",,,Health Education England North West - Greater Manchester East,4.7,15,https://maps.google.com/?cid=10058146209508720234,,4 hours 0 mins,,https://maps.google.com/?cid=10058146209508720234,
X,"North West - Pennine Northwest (N. Manchester, Bury, Oldham & Rochdale) - DFT - Sep - 24",01/09/2021 00:00,12,DFT,Health Education England North West,"Health Education England North West - Greater Manchester, Lancashire and South Cumbria","Pennine Northwest (N. Manchester, Bury, Oldham & Rochdale)",,0,"Gareth Harper, Heywood Dental, 6 Manchester Street, Heywood, Manchester, OL10 1DL",,,Health Education England North West - Greater Manchester West,4.6,10,https://maps.google.com/?cid=7649649425014298784,http://www.heywooddental.co.uk/,4 hours 1 min,,https://maps.google.com/?cid=7649649425014298784,http://www.heywooddental.co.uk/
X,"North West - Pennine Northwest (N. Manchester, Bury, Oldham & Rochdale) - DFT - Sep - 28",01/09/2021 00:00,12,DFT,Health Education England North West,"Health Education England North West - Greater Manchester, Lancashire and South Cumbria","Pennine Northwest (N. Manchester, Bury, Oldham & Rochdale)",,0,"Mohammed Khalid Mushtaq, Littleborough Dental Practice, 115 Featherstall Road, Littleborough, Manchester, OL15 8JZ",,,Health Education England North West - Greater Manchester East,4.7,166,https://maps.google.com/?cid=15246936218947548021,https://www.littleboroughdentalpractice.co.uk/,4 hours 3 mins,,https://maps.google.com/?cid=15246936218947548021,https://www.littleboroughdentalpractice.co.uk/
X,"North West - Pennine Northwest (N. Manchester, Bury, Oldham & Rochdale) - DFT - Sep - 29",01/09/2021 00:00,12,DFT,Health Education England North West,"Health Education England North West - Greater Manchester, Lancashire and South Cumbria","Pennine Northwest (N. Manchester, Bury, Oldham & Rochdale)",,0,"Yasser, Khan, Littleborough Dental Practice, 115 Featherstall Road, Littleborough, Manchester, OL15 8JZ",,,Health Education England North West - Greater Manchester East,4.7,166,https://maps.google.com/?cid=15246936218947548021,https://www.littleboroughdentalpractice.co.uk/,4 hours 3 mins,,https://maps.google.com/?cid=15246936218947548021,https://www.littleboroughdentalpractice.co.uk/
X,"North West - Pennine Northwest (N. Manchester, Bury, Oldham & Rochdale) - DFT - Sep - 32",01/09/2021 00:00,12,DFT,Health Education England North West,"Health Education England North West - Greater Manchester, Lancashire and South Cumbria","Pennine Northwest (N. Manchester, Bury, Oldham & Rochdale)",,0,"Muhammad Ali, Market Place Dental Practice, 6-8 Market Place, Ramsbottom,  BL0 9HT",,,Health Education England North West - Greater Manchester East,5,3,https://maps.google.com/?cid=6195966654218383840,,4 hours 5 mins,,https://maps.google.com/?cid=6195966654218383840,
X,"North West - Pennine Northwest (N. Manchester, Bury, Oldham & Rochdale) - DFT - Sep - 33",01/09/2021 00:00,12,DFT,Health Education England North West,"Health Education England North West - Greater Manchester, Lancashire and South Cumbria","Pennine Northwest (N. Manchester, Bury, Oldham & Rochdale)",,0,"Elizabeth Morris, Morris Dental Care, 20 Union Street, Oldham,  OL1 1BE",,,Health Education England North West - Greater Manchester East,4.4,19,https://maps.google.com/?cid=11672041399610967719,http://www.morrisdental.co.uk/,3 hours 21 mins,,https://maps.google.com/?cid=11672041399610967719,http://www.morrisdental.co.uk/
X,"North West - Pennine Northwest (N. Manchester, Bury, Oldham & Rochdale) - DFT - Sep - 41",01/09/2021 00:00,12,DFT,Health Education England North West,"Health Education England North West - Greater Manchester, Lancashire and South Cumbria","Pennine Northwest (N. Manchester, Bury, Oldham & Rochdale)",,0,"Francisco Casserley, Roch Valley Dental, 23 Roch Valley Way, Rochdale,  OL11 4PZ",,,Health Education England North West - Greater Manchester East,3.2,46,https://maps.google.com/?cid=12089684631094923359,http://www.rochvalleydental.com/,3 hours 57 mins,,https://maps.google.com/?cid=12089684631094923359,http://www.rochvalleydental.com/
X,"North West - Pennine Northwest (N. Manchester, Bury, Oldham & Rochdale) - DFT - Sep - 42",01/09/2021 00:00,12,DFT,Health Education England North West,"Health Education England North West - Greater Manchester, Lancashire and South Cumbria","Pennine Northwest (N. Manchester, Bury, Oldham & Rochdale)",,0,"Kristopher Berry, Roch Valley Dental, 23 Roch Valley Way, Rochdale,  OL11 4PZ",,,Health Education England North West - Greater Manchester East,3.2,46,https://maps.google.com/?cid=12089684631094923359,http://www.rochvalleydental.com/,3 hours 57 mins,,https://maps.google.com/?cid=12089684631094923359,http://www.rochvalleydental.com/
X,"North West - Pennine Northwest (N. Manchester, Bury, Oldham & Rochdale) - DFT - Sep - 48",01/09/2021 00:00,12,DFT,Health Education England North West,"Health Education England North West - Greater Manchester, Lancashire and South Cumbria","Pennine Northwest (N. Manchester, Bury, Oldham & Rochdale)",,0,"Amjad Chaudhary, The Tooth Place, 63-65 Yorkshire Street, Oldham, Manchester, OL1 3SL",,,Health Education England North West - Greater Manchester East,4.3,25,https://maps.google.com/?cid=5540920891772316823,,3 hours 25 mins,,https://maps.google.com/?cid=5540920891772316823,
X,"North West - Pennine Northwest (N. Manchester, Bury, Oldham & Rochdale) - DFT - Sep - 8",01/09/2021 00:00,12,DFT,Health Education England North West,"Health Education England North West - Greater Manchester, Lancashire and South Cumbria","Pennine Northwest (N. Manchester, Bury, Oldham & Rochdale)",,0,"Nazia Uddin, Bury Dental Practice, 434 Manchester Road, Bury, BL9 9NS",,,Health Education England North West - Greater Manchester West,4.9,123,https://maps.google.com/?cid=9936548993971712428,https://www.burydentalpractice.co.uk/,3 hours 23 mins,,https://maps.google.com/?cid=9936548993971712428,https://www.burydentalpractice.co.uk/
X,"North West - Preston, Chorley & District - DFT - Sep - 103",01/09/2021 00:00,12,DFT,Health Education England North West,"Health Education England North West - Greater Manchester, Lancashire and South Cumbria","Preston, Chorley & District",,0,"Varun Kaura, Ringway Dental Centre, Ringway House, Percy Street, Preston, PR1 1HQ",,,Health Education England - South Cumbria & Lancashire,3.6,56,https://maps.google.com/?cid=11203143428342533730,https://www.nhs.uk/Services/dentists/Overview/DefaultView.aspx?id=97719,3 hours 10 mins,,https://maps.google.com/?cid=11203143428342533730,https://www.nhs.uk/Services/dentists/Overview/DefaultView.aspx?id=97719
X,"North West - Preston, Chorley & District - DFT - Sep - 109",01/09/2021 00:00,12,DFT,Health Education England North West,"Health Education England North West - Greater Manchester, Lancashire and South Cumbria","Preston, Chorley & District",,0,"Helen Hughes, Station Dental Practice, 9-10 Golden Hill, Leyland, Preston, Lancs, PR25 3NN",,,Health Education England - South Cumbria & Lancashire,3.3,49,https://maps.google.com/?cid=1384984977956876904,http://www.stationdentalpractice.com/,3 hours 23 mins,,https://maps.google.com/?cid=1384984977956876904,http://www.stationdentalpractice.com/
X,"North West - Preston, Chorley & District - DFT - Sep - 90",01/09/2021 00:00,12,DFT,Health Education England North West,"Health Education England North West - Greater Manchester, Lancashire and South Cumbria","Preston, Chorley & District",,0,"Peter Equizi, 133 Hesketh Lane Tarelton Preston Lancashire PR4 6AS",,,Health Education England - South Cumbria & Lancashire,4.3,3,https://maps.google.com/?cid=16567249320570061990,https://hsdp.co.uk/hesketh-lane-dental-practice-in-tarleton/,4 hours 6 mins,,https://maps.google.com/?cid=16567249320570061990,https://hsdp.co.uk/hesketh-lane-dental-practice-in-tarleton/
X,"North West - Preston, Chorley & District - DFT - Sep - 98",01/09/2021 00:00,12,DFT,Health Education England North West,"Health Education England North West - Greater Manchester, Lancashire and South Cumbria","Preston, Chorley & District",,0,"Joseph Hitchings, Jones Dental Practice, 71 Union Street, Chorley, Lancashire, PR7 1AB",,,Health Education England - South Cumbria & Lancashire,4,28,https://maps.google.com/?cid=10659540437987573736,http://www.jonesdentalpractice.co.uk/,3 hours 25 mins,,https://maps.google.com/?cid=10659540437987573736,http://www.jonesdentalpractice.co.uk/
X,"North West - Preston, Chorley & District - DFT - Sep - 99",01/09/2021 00:00,12,DFT,Health Education England North West,"Health Education England North West - Greater Manchester, Lancashire and South Cumbria","Preston, Chorley & District",,0,"Alexis Jones, Jones Dental Practice, 71 Union Street, Chorley, Lancashire, PR7 1AB",,,Health Education England - South Cumbria & Lancashire,4,28,https://maps.google.com/?cid=10659540437987573736,http://www.jonesdentalpractice.co.uk/,3 hours 25 mins,,https://maps.google.com/?cid=10659540437987573736,http://www.jonesdentalpractice.co.uk/
X,North West - Salford & Trafford - DFT - Sep - 10,01/09/2021 00:00,12,DFT,Health Education England North West,"Health Education England North West - Greater Manchester, Lancashire and South Cumbria",Salford & Trafford,,0,"Conor O'Neil, DCO Dental, 1 Hope Road, Sale, Manchester, M33 3AB",,,Health Education England North West - Greater Manchester West,4.7,107,https://maps.google.com/?cid=10143821281282743506,http://www.dcodental.co.uk/,3 hours 7 mins,,https://maps.google.com/?cid=10143821281282743506,http://www.dcodental.co.uk/
X,North West - Salford & Trafford - DFT - Sep - 11,01/09/2021 00:00,12,DFT,Health Education England North West,"Health Education England North West - Greater Manchester, Lancashire and South Cumbria",Salford & Trafford,,0,"Mark Healey, DCO Dental, 1 Hope Road, Sale, Manchester, M33 3AB",,,Health Education England North West - Greater Manchester West,4.7,107,https://maps.google.com/?cid=10143821281282743506,http://www.dcodental.co.uk/,3 hours 7 mins,,https://maps.google.com/?cid=10143821281282743506,http://www.dcodental.co.uk/
X,North West - Salford & Trafford - DFT - Sep - 12,01/09/2021 00:00,12,DFT,Health Education England North West,"Health Education England North West - Greater Manchester, Lancashire and South Cumbria",Salford & Trafford,,0,"Simon Cove, DCO Dental Group, Lakes Medical Centre, 53c Mainwood Road, Timperley, Altrincham, Cheshire, WA15 7JW",,,Health Education England North West - Greater Manchester West,4.7,56,https://maps.google.com/?cid=15172958584067342466,http://www.dcodental.co.uk/,3 hours 20 mins,,https://maps.google.com/?cid=15172958584067342466,http://www.dcodental.co.uk/
X,North West - Salford & Trafford - DFT - Sep - 2,01/09/2021 00:00,12,DFT,Health Education England North West,"Health Education England North West - Greater Manchester, Lancashire and South Cumbria",Salford & Trafford,,0,"Halima Atcha, Ash Dental Practice, 228-230 Liverpool Road, Eccles, Manchester, M30 OPF",,,Health Education England North West - Greater Manchester West,4.2,80,https://maps.google.com/?cid=18210295283246839317,https://www.ashdental.co.uk/,3 hours 21 mins,,https://maps.google.com/?cid=18210295283246839317,https://www.ashdental.co.uk/
X,North West - Salford & Trafford - DFT - Sep - 45,01/09/2021 00:00,12,DFT,Health Education England North West,"Health Education England North West - Greater Manchester, Lancashire and South Cumbria",Salford & Trafford,,0,"Gurpreet Midha, Salford Dental Practice, 483 Liverpool Street, Salford,  M6 5QQ",,,Health Education England North West - Greater Manchester West,4.6,9,"https://www.google.co.uk/maps/place/Salford+Dental+Practice/@53.483787,-2.3055678,15z/data=!3m1!4b1!4m5!3m4!1s0x487bae46916b40f3:0x6cd28d6477e419ca!8m2!3d53.4838337!4d-2.2968274?hl=en",https://salforddentalpractice.com/,3 hours 17 mins,,"https://www.google.co.uk/maps/place/Salford+Dental+Practice/@53.483787,-2.3055678,15z/data=!3m1!4b1!4m5!3m4!1s0x487bae46916b40f3:0x6cd28d6477e419ca!8m2!3d53.4838337!4d-2.2968274?hl=en",https://salforddentalpractice.com/
X,North West - Salford & Trafford - DFT - Sep - 46,01/09/2021 00:00,12,DFT,Health Education England North West,"Health Education England North West - Greater Manchester, Lancashire and South Cumbria",Salford & Trafford,,0,"Sabeer Alikkantavaida, Smile Manchester, 331 Washway Road, Sale, Cheshire, M33 4EE",,,Health Education England North West - Greater Manchester West,4.8,116,https://maps.google.com/?cid=3564814513722666413,http://www.smilemanchester.co.uk/,3 hours 34 mins,,https://maps.google.com/?cid=3564814513722666413,http://www.smilemanchester.co.uk/
X,North West - Salford & Trafford - DFT - Sep - 51,01/09/2021 00:00,12,DFT,Health Education England North West,"Health Education England North West - Greater Manchester, Lancashire and South Cumbria",Salford & Trafford,,0,"Scott Preece, Windsor Dental Practice, Belvedere Road, Salford,  M6 5EQ",,,Health Education England North West - Greater Manchester West,4.4,231,https://maps.google.com/?cid=1148857773269869605,http://www.windsordentalsalford.co.uk/,2 hours 58 mins,,https://maps.google.com/?cid=1148857773269869605,http://www.windsordentalsalford.co.uk/
X,North West - Salford & Trafford - DFT - Sep - 9,01/09/2021 00:00,12,DFT,Health Education England North West,"Health Education England North West - Greater Manchester, Lancashire and South Cumbria",Salford & Trafford,,0,"Amit Chadda, Circle Dental Care Ltd, 16A Barton Road, Stretford, Manchester, M32 9TR",,,Health Education England North West - Greater Manchester West,4.2,54,https://maps.google.com/?cid=5382431536278166857,http://www.circledental.co.uk/,3 hours 21 mins,,https://maps.google.com/?cid=5382431536278166857,http://www.circledental.co.uk/
X,North West - Stockport - DFT - Sep - 18,01/09/2021 00:00,12,DFT,Health Education England North West,"Health Education England North West - Greater Manchester, Lancashire and South Cumbria",Stockport,,0,"Ishaq Mahmood, Foxland Dental Surgery, 42 Foxland Road, Gatley, Manchester, SK8 4QB",,,Health Education England North West - Greater Manchester East,4.1,17,"https://www.google.co.uk/maps/place/Foxland+Dental+Surgery/@53.3877353,-2.2393313,15z/data=!3m1!4b1!4m5!3m4!1s0x487bb2c09c2f8197:0x48c4351778c92abc!8m2!3d53.387722!4d-2.2306005?hl=en",http://www.foxlanddental.uk/,3 hours 4 mins,,"https://www.google.co.uk/maps/place/Foxland+Dental+Surgery/@53.3877353,-2.2393313,15z/data=!3m1!4b1!4m5!3m4!1s0x487bb2c09c2f8197:0x48c4351778c92abc!8m2!3d53.387722!4d-2.2306005?hl=en",http://www.foxlanddental.uk/
X,North West - Stockport - DFT - Sep - 19,01/09/2021 00:00,12,DFT,Health Education England North West,"Health Education England North West - Greater Manchester, Lancashire and South Cumbria",Stockport,,0,"Anupam Nandi, Gatley Park Dental Practice, 7 Northenden Road, Gatley, Cheadle, SK8 4EN",,,Health Education England North West - Greater Manchester East,4.5,37,"https://www.google.co.uk/maps/place/Gatley+Park+Dental+Practice/@53.3932828,-2.2454263,15z/data=!3m1!4b1!4m5!3m4!1s0x487bb295bdb91cc9:0x49d22270112c4258!8m2!3d53.393269!4d-2.2367109?hl=en",http://www.gatleyparkdental.co.uk/,3 hours ,,"https://www.google.co.uk/maps/place/Gatley+Park+Dental+Practice/@53.3932828,-2.2454263,15z/data=!3m1!4b1!4m5!3m4!1s0x487bb295bdb91cc9:0x49d22270112c4258!8m2!3d53.393269!4d-2.2367109?hl=en",http://www.gatleyparkdental.co.uk/
X,North West - Stockport - DFT - Sep - 22,01/09/2021 00:00,12,DFT,Health Education England North West,"Health Education England North West - Greater Manchester, Lancashire and South Cumbria",Stockport,,0,"Shahzad Saleem, Glossop Dental Care, 27 Kershaw Street, Glossop,  SK13 8NN",,,Health Education England North West - Greater Manchester East,N/A,N/A,"https://www.google.co.uk/maps/place/Glossop+Street+Dental+Practice/@53.4419852,-1.9608717,15z/data=!4m9!1m2!2m1!1sGlossop+Dental+Care,+27+Kershaw+Street,+Glossop,++SK13+8NN!3m5!1s0x487bcbc9d16ac49b:0x3aadab0651b81bc9!8m2!3d53.4399679!4d-1.9495135!15sCjpHbG9zc29wIERlbnRhbCBDYXJlLCAyNyBLZXJzaGF3IFN0cmVldCwgR2xvc3NvcCwgIFNLMTMgOE5OkgENZGVudGFsX2NsaW5pYw?hl=en",,3 hours 32 mins,,#VALUE!,
X,North West - Stockport - DFT - Sep - 23,01/09/2021 00:00,12,DFT,Health Education England North West,"Health Education England North West - Greater Manchester, Lancashire and South Cumbria",Stockport,,0,"Omar Siddique, Glossop Dental Care, 27 Kershaw Street, Glossop,  SK13 8NN",,,Health Education England North West - Greater Manchester East,N/A,N/A,"https://www.google.co.uk/maps/place/Glossop+Street+Dental+Practice/@53.4419852,-1.9608717,15z/data=!4m9!1m2!2m1!1sGlossop+Dental+Care,+27+Kershaw+Street,+Glossop,++SK13+8NN!3m5!1s0x487bcbc9d16ac49b:0x3aadab0651b81bc9!8m2!3d53.4399679!4d-1.9495135!15sCjpHbG9zc29wIERlbnRhbCBDYXJlLCAyNyBLZXJzaGF3IFN0cmVldCwgR2xvc3NvcCwgIFNLMTMgOE5OkgENZGVudGFsX2NsaW5pYw?hl=en",,3 hours 32 mins,,#VALUE!,
X,North West - Stockport - DFT - Sep - 34,01/09/2021 00:00,12,DFT,Health Education England North West,"Health Education England North West - Greater Manchester, Lancashire and South Cumbria",Stockport,,0,"Tain Paik, Pearldent  442 Buxton Rd Stockport  SK2 7JB",,,Health Education England North West - Greater Manchester East,4.6,98,https://maps.google.com/?cid=13354712854082221496,http://pearldent.co.uk/,2 hours 50 mins,,https://maps.google.com/?cid=13354712854082221496,http://pearldent.co.uk/
X,North West - Stockport - DFT - Sep - 35,01/09/2021 00:00,12,DFT,Health Education England North West,"Health Education England North West - Greater Manchester, Lancashire and South Cumbria",Stockport,,0,"Naika Gill, Pearldent  442 Buxton Rd Stockport  SK2 7JB",,,Health Education England North West - Greater Manchester East,4.6,98,https://maps.google.com/?cid=13354712854082221496,http://pearldent.co.uk/,2 hours 50 mins,,https://maps.google.com/?cid=13354712854082221496,http://pearldent.co.uk/
X,North West - Stockport - DFT - Sep - 43,01/09/2021 00:00,12,DFT,Health Education England North West,"Health Education England North West - Greater Manchester, Lancashire and South Cumbria",Stockport,,0,"Liam Donaghy, Romiley Dental Practice, 91 Compstall Road, Romiley, Stockport, Manchester, SK6 4HT",,,Health Education England North West - Greater Manchester East,4,14,https://maps.google.com/?cid=4946479956305757573,http://www.liamdonaghydentalimplants.co.uk/dental-team.html,3 hours 0 mins,,https://maps.google.com/?cid=4946479956305757573,http://www.liamdonaghydentalimplants.co.uk/dental-team.html
X,North West - Stockport - DFT - Sep - 6,01/09/2021 00:00,12,DFT,Health Education England North West,"Health Education England North West - Greater Manchester, Lancashire and South Cumbria",Stockport,,0,"Christopher Lakin, Bosden Farm Dental Practice, Offerton, Stockport, SK2 5JL",,,Health Education England North West - Greater Manchester East,4.9,68,https://maps.google.com/?cid=3724372965079022344,http://www.bosdenfarmdental.co.uk/,3 hours 9 mins,,https://maps.google.com/?cid=3724372965079022344,http://www.bosdenfarmdental.co.uk/
X,North West - Stockport - DFT - Sep - 62,01/09/2021 00:00,12,DFT,Health Education England North West,"Health Education England North West - Greater Manchester, Lancashire and South Cumbria",Stockport,,0,"Joe Greene, Disley Dental Care, 5 Buxton Old Road, Disley, Stockport, Cheshire, SK12 2BB",,,Health Education England North West - Greater Manchester East,4.3,7,https://maps.google.com/?cid=7798589439148269467,,3 hours 4 mins,,https://maps.google.com/?cid=7798589439148269467,
X,North West - Stockport - DFT - Sep - 7,01/09/2021 00:00,12,DFT,Health Education England North West,"Health Education England North West - Greater Manchester, Lancashire and South Cumbria",Stockport,,0,"Katherine Bromhall, Bredbury Dental Practice, 219 George Lane, Bredbury, Stockport, SK6 1DJ",,,Health Education England North West - Greater Manchester East,4.6,46,https://maps.google.com/?cid=608670441850354736,http://www.bredburydental.co.uk/,2 hours 56 mins,,https://maps.google.com/?cid=608670441850354736,http://www.bredburydental.co.uk/
X,North West - Wigan - DFT - Sep - 25,01/09/2021 00:00,12,DFT,Health Education England North West,"Health Education England North West - Greater Manchester, Lancashire and South Cumbria",Wigan,,0,"Shahram Mirtorabi, Hindley Dental Practice, 1-5 Ladies Lane, Hindley, Wigan, WN2 2QA",,,Health Education England North West - Greater Manchester West,5,24,https://maps.google.com/?cid=2297401515279206620,http://hindleydentalpractice.co.uk/,3 hours 18 mins,,https://maps.google.com/?cid=2297401515279206620,http://hindleydentalpractice.co.uk/
X,North West - Wigan - DFT - Sep - 36,01/09/2021 00:00,12,DFT,Health Education England North West,"Health Education England North West - Greater Manchester, Lancashire and South Cumbria",Wigan,,0,"Sebastian Kwiatkowski, Platt Bridge Dental Practice, 152 Walthew Lane, Platt Bridge, Wigan, WN2 5AW",,,Health Education England North West - Greater Manchester West,4.1,10,https://maps.google.com/?cid=7114337878852250534,http://www.nhs.uk/Services/dentists/Overview/DefaultView.aspx?id=24431,3 hours 6 mins,,https://maps.google.com/?cid=7114337878852250534,http://www.nhs.uk/Services/dentists/Overview/DefaultView.aspx?id=24431
X,North West - Wigan - DFT - Sep - 40,44440,12,DFT,Health Education England North West,"Health Education England North West - Greater Manchester, Lancashire and South Cumbria",Wigan,,0,N/A - POST ,,,Health Education England North West - Greater Manchester West,,,,,,,,
